{
    "create": [
        0.280866,
        0.023856000000000002,
        0.020127,
        0.018977,
        0.018728,
        0.0615,
        0.042947000000000006,
        0.040112,
        0.039302,
        0.037503999999999996,
        0.035677,
        0.034908,
        0.034046,
        0.034643,
        0.034131,
        0.033845,
        0.033826,
        0.033568,
        0.033220999999999994,
        0.033885,
        0.034919,
        0.033703000000000004,
        0.08115,
        0.039875,
        0.03229,
        0.031949,
        0.07033199999999999,
        0.037229,
        0.031782,
        0.030901,
        0.033445,
        0.059191,
        0.032677,
        0.037083,
        0.038784,
        0.034831,
        0.038145000000000005,
        0.039902,
        0.037341,
        0.037630000000000004,
        0.057040999999999994,
        0.048977,
        0.044984,
        0.043556,
        0.043546999999999995,
        0.042965,
        0.093565,
        0.037448,
        0.031867,
        0.03024,
        0.031056,
        0.030336,
        0.031545000000000004,
        0.048227,
        0.041489,
        0.041619,
        0.040985999999999995,
        0.04003,
        0.039859,
        0.044229,
        0.041659,
        0.042232,
        0.042582999999999996,
        0.044774,
        0.045024,
        0.046060000000000004,
        0.04464,
        0.04525,
        0.04482,
        0.044897,
        0.044633000000000006,
        0.047244,
        0.034539,
        0.033256999999999995,
        0.032874,
        0.033284,
        0.032693,
        0.033204,
        0.03283,
        0.032627,
        0.032727,
        0.032559,
        0.032804,
        0.03279,
        0.032612,
        0.032801000000000004,
        0.032123,
        0.032464,
        0.033415999999999994,
        0.03347,
        0.033354,
        0.032862,
        0.033957,
        0.03383,
        0.032917,
        0.032101,
        0.032213,
        0.032402,
        0.03222,
        0.045417
    ],
    "read": [
        0.07229600000000001,
        0.035779000000000005,
        0.033983,
        0.034149,
        0.033533,
        0.053709,
        0.050805,
        0.050314,
        0.063073,
        0.048614,
        0.049267000000000005,
        0.048392000000000004,
        0.048601,
        0.048263,
        0.048184,
        0.048036999999999996,
        0.047929,
        0.04765,
        0.047563,
        0.047818,
        0.048319,
        0.048293,
        0.096577,
        0.069763,
        0.063919,
        0.387755,
        0.05903,
        0.046854999999999994,
        0.046593,
        0.048767000000000005,
        0.057544,
        0.048794,
        0.054136000000000004,
        0.056386000000000006,
        0.060096,
        0.058239,
        0.058311999999999996,
        0.059692999999999996,
        0.058957999999999997,
        0.056729999999999996,
        0.08773600000000001,
        0.077678,
        0.07263700000000001,
        0.07184099999999999,
        0.071804,
        0.072767,
        0.09144799999999999,
        0.06374300000000001,
        0.064557,
        0.061676,
        0.060509,
        0.060847,
        0.083922,
        0.06839400000000001,
        0.06840600000000001,
        0.06793,
        0.06820699999999999,
        0.066848,
        0.070056,
        0.072387,
        0.072468,
        0.080018,
        0.07173600000000001,
        0.076653,
        0.076472,
        0.075924,
        0.075548,
        0.076542,
        0.076242,
        0.076171,
        0.11723900000000001,
        0.066982,
        0.065791,
        0.066202,
        0.06480899999999999,
        0.065098,
        0.066223,
        0.065688,
        0.066777,
        0.065011,
        0.063964,
        0.072774,
        0.06589199999999999,
        0.066149,
        0.06600400000000001,
        0.066857,
        0.064083,
        0.063736,
        0.065614,
        0.064872,
        0.064303,
        0.066614,
        0.064775,
        0.065104,
        0.064733,
        0.06579600000000001,
        0.064494,
        0.064041,
        0.063415,
        0.057184
    ],
    "delete": [
        0.030223,
        0.011045,
        0.009892,
        0.009800000000000001,
        0.057921999999999994,
        0.025465,
        0.023874,
        0.022556,
        0.021047,
        0.019614,
        0.019585,
        0.018893999999999998,
        0.018973,
        0.018879,
        0.019098,
        0.018729,
        0.018942,
        0.018963,
        0.018418,
        0.01878,
        0.018686,
        0.019428,
        0.029529,
        0.017508,
        0.015753,
        0.081563,
        0.026881,
        0.01766,
        0.017188,
        0.018873,
        0.019316,
        0.018143999999999997,
        0.019216,
        0.020617,
        0.019801,
        0.020389,
        0.023268999999999998,
        0.021112,
        0.020809,
        0.020614,
        0.027562999999999997,
        0.024152999999999997,
        0.022625,
        0.022663,
        0.022584,
        0.075707,
        0.02597,
        0.016255,
        0.015276999999999999,
        0.01511,
        0.015219,
        0.015196,
        0.030591,
        0.021962,
        0.020927,
        0.021016,
        0.020969,
        0.020834,
        0.022786999999999998,
        0.021602,
        0.021442,
        0.022775,
        0.022966999999999998,
        0.023367000000000002,
        0.023588,
        0.023960000000000002,
        0.023858,
        0.023451,
        0.023189,
        0.022913,
        0.028139,
        0.018968,
        0.016157,
        0.015699,
        0.016004,
        0.015801,
        0.015417,
        0.015746,
        0.015727,
        0.015368999999999999,
        0.015476,
        0.016194,
        0.015849,
        0.015853,
        0.015745,
        0.015588,
        0.015702999999999998,
        0.015189,
        0.015454,
        0.015939000000000002,
        0.015393,
        0.015549,
        0.015313,
        0.016076,
        0.015483,
        0.015193,
        0.015755,
        0.015791,
        0.04219,
        0.015583999999999999
    ]
}