{
    "create": [
        7.084815,
        0.969293,
        0.493818,
        0.925477,
        0.588807,
        0.031287,
        0.014632,
        0.012145,
        0.011877,
        0.014884999999999999,
        0.011703,
        0.011484999999999999,
        0.018248,
        0.020981000000000003,
        0.019949,
        0.019109,
        0.018556,
        0.022805,
        0.020128,
        0.028776,
        0.014115,
        0.036218,
        0.027039,
        0.024822,
        0.023799,
        0.025152,
        0.0235,
        0.021202000000000002,
        0.024409,
        0.026053,
        0.021207999999999998,
        0.023789,
        0.020125,
        0.020102000000000002,
        0.019022999999999998,
        0.026247,
        0.013896,
        0.012414,
        0.032549,
        0.023552,
        0.015691,
        0.013903,
        0.013373,
        0.013381,
        0.013106999999999999,
        0.01435,
        0.013783,
        0.016182,
        0.030879999999999998,
        0.01651,
        0.015321,
        0.011763,
        0.011379,
        0.012475,
        0.011794,
        0.011976,
        0.020652,
        0.015303,
        0.014754,
        0.014228999999999999,
        0.017538,
        0.014551,
        0.015388,
        0.015455,
        0.01358,
        0.013882,
        0.012938,
        0.013856,
        0.013694000000000001,
        0.013167,
        0.013249,
        0.0135,
        0.015101000000000002,
        0.013374,
        0.013026999999999999,
        0.013026,
        0.012897,
        0.013721,
        0.013340999999999999,
        0.012903000000000001,
        0.013855000000000001,
        0.013756,
        0.014728,
        0.021797,
        0.013971,
        0.014542,
        0.013446,
        0.013704000000000001,
        0.01299,
        0.013141,
        0.012978,
        0.013336,
        0.013226000000000002,
        0.018286999999999998,
        0.012934,
        0.03692,
        0.028166,
        0.025608,
        0.023854
    ],
    "read": [
        1.138028,
        0.536813,
        0.71454,
        0.454445,
        0.6463049999999999,
        0.032073,
        0.024019,
        0.023579999999999997,
        0.024030000000000003,
        0.023227,
        0.023212,
        0.022767,
        0.042639,
        0.036418,
        0.036774999999999995,
        0.035482999999999994,
        0.06712699999999999,
        0.0365,
        0.035272,
        0.054018000000000004,
        0.089108,
        0.049345999999999994,
        0.039152,
        0.039179000000000005,
        0.039918,
        0.036109999999999996,
        0.039764,
        0.037015,
        0.085823,
        0.038622,
        0.052717,
        0.053912999999999996,
        0.049042,
        0.047531,
        0.04912,
        0.046357,
        0.03535,
        0.141654,
        0.065126,
        0.061826,
        0.036516,
        0.032214,
        0.034592,
        0.030851,
        0.030474,
        0.031709,
        0.034475,
        0.031583,
        0.056915999999999994,
        0.04362,
        0.034716000000000004,
        0.033897,
        0.034228,
        0.033396999999999996,
        0.033474,
        0.033443,
        0.049086,
        0.041762,
        0.032589,
        0.032338,
        0.031742,
        0.034997999999999994,
        0.055685000000000005,
        0.033796,
        0.032381,
        0.031538000000000004,
        0.031176,
        0.031507,
        0.031439,
        0.031805,
        0.030986,
        0.030364000000000002,
        0.049566000000000006,
        0.032369,
        0.031442,
        0.031117000000000002,
        0.031354,
        0.031779,
        0.030273,
        0.031166,
        0.031922,
        0.032567,
        0.03246,
        0.031183,
        0.033415,
        0.032265999999999996,
        0.032621000000000004,
        0.031348,
        0.031639,
        0.031294,
        0.031023,
        0.031221,
        0.031225000000000003,
        0.030587,
        0.031179,
        0.031913,
        0.068011,
        0.043686,
        0.037557,
        0.059624
    ],
    "delete": [
        0.436981,
        0.255345,
        0.217392,
        0.41528,
        0.02643,
        0.010896000000000001,
        0.006634999999999999,
        0.006186,
        0.005934,
        0.006614,
        0.006011,
        0.006507,
        0.013025,
        0.010634000000000001,
        0.009962,
        0.009531000000000001,
        0.011874000000000001,
        0.010089,
        0.007176999999999999,
        0.008511,
        0.027977000000000002,
        0.018323,
        0.014088,
        0.015271000000000002,
        0.013647,
        0.013568,
        0.013144,
        0.014107,
        0.016356000000000002,
        0.012844,
        0.015837,
        0.011640000000000001,
        0.011446999999999999,
        0.010424,
        0.015553,
        0.008499000000000001,
        0.006418,
        0.029591000000000003,
        0.024096,
        0.015766,
        0.011042999999999999,
        0.008060000000000001,
        0.008494,
        0.008017,
        0.008002,
        0.008019,
        0.007924,
        0.008775999999999999,
        0.023687,
        0.011308,
        0.006941,
        0.006068,
        0.006171,
        0.005899,
        0.005843,
        0.006033,
        0.015132,
        0.007832,
        0.008571,
        0.007987,
        0.0077729999999999995,
        0.008862,
        0.00877,
        0.008207,
        0.008436,
        0.0075650000000000005,
        0.008065,
        0.007885,
        0.007677,
        0.007872,
        0.008203,
        0.00875,
        0.00915,
        0.007979,
        0.008053000000000001,
        0.007763,
        0.007716,
        0.00816,
        0.007632,
        0.008003,
        0.008276,
        0.007949,
        0.008126,
        0.008327999999999999,
        0.006719999999999999,
        0.009038000000000001,
        0.007974,
        0.008308999999999999,
        0.007941,
        0.0079,
        0.00775,
        0.007716,
        0.008208,
        0.008504,
        0.008176000000000001,
        0.007692,
        0.019850000000000003,
        0.01722,
        0.015138,
        0.016798999999999998
    ]
}