{
    "create": [
        0.179782,
        0.04566,
        0.031120000000000002,
        0.032723999999999996,
        0.046459,
        0.06373,
        0.035925,
        0.03675,
        0.035754,
        0.033518,
        0.08747400000000001,
        0.033474,
        0.030601,
        0.055235,
        0.031455,
        0.029707,
        0.029463,
        0.029457,
        0.029575,
        0.049269,
        0.051877,
        0.038863,
        0.028541,
        0.055398,
        0.038466,
        0.031191,
        0.028834,
        0.027391,
        0.025623999999999997,
        0.025994,
        0.026837,
        0.134607,
        0.033779,
        0.073562,
        0.024457,
        0.024572,
        0.044950000000000004,
        0.017126000000000002,
        0.013500999999999999,
        0.019241,
        0.019948,
        0.029513,
        0.017783,
        0.009881000000000001,
        0.041641,
        0.013654,
        0.015382,
        0.034226,
        0.014173999999999999,
        0.010567,
        0.010779,
        0.013144,
        0.011564,
        0.021609000000000003,
        0.017693,
        0.021078,
        0.024182,
        0.026055,
        0.017992,
        0.019932,
        0.017095,
        0.03232,
        0.016003,
        0.016514,
        0.016858,
        0.023635000000000003,
        0.086368,
        0.020219,
        0.019705999999999998,
        0.015327,
        0.015067,
        0.014884,
        0.031873,
        0.01082,
        0.022437000000000002,
        0.016385,
        0.014161,
        0.017172,
        0.015975,
        0.015808,
        0.019352,
        0.011378000000000001,
        0.01757,
        0.022393,
        0.018799,
        0.013651,
        0.010944,
        0.009875,
        0.018615,
        0.019289,
        0.010574,
        0.023891,
        0.012964,
        0.016849,
        0.032557,
        0.014875999999999999,
        0.022814,
        0.02506,
        0.015138,
        0.013578
    ],
    "read": [
        0.041926000000000005,
        0.027197,
        0.022685,
        0.059258000000000005,
        0.047109000000000005,
        0.031181,
        0.026382000000000003,
        0.027932,
        0.030146,
        0.100111,
        0.032299999999999995,
        0.021763,
        0.028717,
        0.029803,
        0.022300999999999998,
        0.027051,
        0.021735,
        0.024066,
        0.022576,
        0.026614000000000002,
        0.028482,
        0.023854,
        0.062958,
        0.026940000000000002,
        0.04352,
        0.040505,
        0.028409,
        0.01998,
        0.019639,
        0.020038,
        0.038597,
        0.032694,
        0.040506,
        0.02271,
        0.021247,
        0.015025,
        0.015189999999999999,
        0.023126999999999998,
        0.008158,
        0.010657,
        0.016839,
        0.014433999999999999,
        0.011052,
        0.007813,
        0.015808,
        0.012951,
        0.027031,
        0.017127,
        0.012092,
        0.007871000000000001,
        0.007856,
        0.023773,
        0.008694,
        0.036151,
        0.014992,
        0.023571,
        0.029256,
        0.017973,
        0.013283,
        0.019178,
        0.023277000000000003,
        0.021768,
        0.01242,
        0.015718,
        0.029474,
        0.023458,
        0.018566,
        0.022209,
        0.012545,
        0.012101,
        0.011647000000000001,
        0.013728,
        0.01795,
        0.012268000000000001,
        0.01499,
        0.014955999999999999,
        0.010557,
        0.019184999999999997,
        0.012502000000000001,
        0.010586,
        0.013895,
        0.019469,
        0.028053,
        0.017654,
        0.019375,
        0.014308999999999999,
        0.009209,
        0.007596,
        0.012934,
        0.018928,
        0.011304999999999999,
        0.017655,
        0.016625,
        0.014279,
        0.039083,
        0.024690999999999998,
        0.021189,
        0.014596,
        0.034255,
        0.013026
    ],
    "delete": [
        0.046042,
        0.020797,
        0.016805,
        0.030879999999999998,
        0.028558,
        0.023073,
        0.019334,
        0.020254,
        0.032744,
        0.024577,
        0.016428,
        0.048415,
        0.021376000000000003,
        0.017065,
        0.018193,
        0.015763,
        0.017547,
        0.057751,
        0.02134,
        0.032399000000000004,
        0.023156,
        0.028939,
        0.061093,
        0.020657000000000002,
        0.018534,
        0.015144999999999999,
        0.014217,
        0.013826,
        0.014016,
        0.05552,
        0.02286,
        0.019494,
        0.018523,
        0.011289,
        0.007757,
        0.008601000000000001,
        0.006883,
        0.021039000000000002,
        0.01019,
        0.007956000000000001,
        0.007328,
        0.005801,
        0.013869,
        0.00791,
        0.009246,
        0.160529,
        0.009470000000000001,
        0.006123,
        0.005415,
        0.0065179999999999995,
        0.009382,
        0.007424,
        0.01035,
        0.007498,
        0.010961,
        0.023104,
        0.012414999999999999,
        0.021325,
        0.010798,
        0.010041,
        0.009747,
        0.008355,
        0.008728,
        0.018139,
        0.015762,
        0.013211,
        0.017839999999999998,
        0.00945,
        0.00857,
        0.008978,
        0.009857,
        0.007764,
        0.029918,
        0.010258,
        0.007993,
        0.00848,
        0.010374000000000001,
        0.008102,
        0.022608,
        0.006873000000000001,
        0.017177,
        0.016121,
        0.007259000000000001,
        0.008798,
        0.005972000000000001,
        0.005354,
        0.017578,
        0.007036,
        0.008076999999999999,
        0.011196,
        0.010798,
        0.022531,
        0.009481,
        0.017053000000000002,
        0.018760000000000002,
        0.008327999999999999,
        0.013016,
        0.014364,
        0.012372999999999999
    ]
}