{
    "create": [
        0.092413,
        0.009822,
        0.007155,
        0.006422,
        0.006843,
        0.006988,
        0.009128,
        0.008856999999999999,
        0.008788,
        0.00894,
        0.007849,
        0.006689,
        0.00652,
        0.010123,
        0.006546000000000001,
        0.048562,
        0.008616,
        0.0069180000000000005,
        0.009760999999999999,
        0.006611,
        0.007882,
        0.010239000000000002,
        0.009564999999999999,
        0.009934,
        0.016148,
        0.010901999999999998,
        0.010861,
        0.010039999999999999,
        0.010989,
        0.012439,
        0.007422,
        0.065149,
        0.016017,
        0.010639,
        0.01711,
        0.070873,
        0.016739999999999998,
        0.0101,
        0.010320000000000001,
        0.009059,
        0.009156000000000001,
        0.010351,
        0.007515,
        0.010308,
        0.010324999999999999,
        0.009538,
        0.027045000000000003,
        0.010406,
        0.0183,
        0.016156,
        0.021696999999999998,
        0.011337,
        0.01086,
        0.018314,
        0.011724,
        0.009783,
        0.009604,
        0.009121,
        0.012789,
        0.016701,
        0.00991,
        0.009208000000000001,
        0.009223,
        0.013505000000000001,
        0.00985,
        0.009104,
        0.007535999999999999,
        0.006527,
        0.0064269999999999996,
        0.0065179999999999995,
        0.007036,
        0.006443,
        0.0067480000000000005,
        0.009424,
        0.010433,
        0.01491,
        0.010402,
        0.010572,
        0.010119999999999999,
        0.010992,
        0.010556,
        0.010647,
        0.010456,
        0.011464,
        0.011612,
        0.010369,
        0.011452,
        0.009833,
        0.010197,
        0.00828,
        0.007528,
        0.011177,
        0.009307000000000001,
        0.010375,
        0.00746,
        0.007477999999999999,
        0.007690000000000001,
        0.011862,
        0.033289,
        0.012973
    ],
    "read": [
        0.007667,
        0.0032440000000000004,
        0.002368,
        0.002316,
        0.002277,
        0.002879,
        0.003767,
        0.003693,
        0.003478,
        0.003977,
        0.002947,
        0.0037949999999999998,
        0.00382,
        0.004306,
        0.002953,
        0.004151,
        0.003088,
        0.002911,
        0.003297,
        0.003039,
        0.004091,
        0.004637,
        0.008206,
        0.013308,
        0.0039049999999999996,
        0.004259000000000001,
        0.004481,
        0.008277,
        0.004072,
        0.004013,
        0.007634,
        0.0037589999999999998,
        0.0043419999999999995,
        0.004162,
        0.005242,
        0.00424,
        0.003881,
        0.003476,
        0.003692,
        0.003684,
        0.003846,
        0.002915,
        0.004667,
        0.004450999999999999,
        0.0037930000000000004,
        0.005477999999999999,
        0.004469,
        0.004549,
        0.004514000000000001,
        0.009813,
        0.004791999999999999,
        0.004438,
        0.012039999999999999,
        0.004292,
        0.004256,
        0.003858,
        0.003934,
        0.0039369999999999995,
        0.0037099999999999998,
        0.003645,
        0.0034100000000000003,
        0.003817,
        0.00363,
        0.003734,
        0.003786,
        0.002891,
        0.003906,
        0.002281,
        0.00283,
        0.0042060000000000005,
        0.002807,
        0.002898,
        0.003625,
        0.016475999999999998,
        0.004333999999999999,
        0.0045650000000000005,
        0.0037280000000000004,
        0.003932,
        0.0042439999999999995,
        0.0036880000000000003,
        0.004136999999999999,
        0.004371000000000001,
        0.004784,
        0.003994,
        0.003987,
        0.004069,
        0.00367,
        0.002955,
        0.002932,
        0.002855,
        0.003146,
        0.011286,
        0.003493,
        0.0033940000000000003,
        0.011462,
        0.0033,
        0.0036349999999999998,
        0.009696999999999999,
        0.0041719999999999995
    ],
    "delete": [
        0.014497999999999999,
        0.0046630000000000005,
        0.0038290000000000004,
        0.0037930000000000004,
        0.003757,
        0.005202,
        0.005923,
        0.004674,
        0.005816,
        0.006402,
        0.004026,
        0.004201,
        0.005474000000000001,
        0.00518,
        0.003885,
        0.0063419999999999995,
        0.004156,
        0.0039,
        0.003906,
        0.003853,
        0.0057729999999999995,
        0.006113,
        0.006043,
        0.005946,
        0.008824,
        0.006129,
        0.006038,
        0.012442,
        0.005626,
        0.005487,
        0.004475,
        0.010616,
        0.006388,
        0.014494,
        0.009059,
        0.0070999999999999995,
        0.0061660000000000005,
        0.005923,
        0.005634999999999999,
        0.0053620000000000004,
        0.005582,
        0.00838,
        0.005878,
        0.005802,
        0.006634,
        0.021311,
        0.007436,
        0.005959,
        0.005884,
        0.006030000000000001,
        0.00713,
        0.006284,
        0.006111,
        0.006474000000000001,
        0.009319000000000001,
        0.006234,
        0.009318,
        0.0054589999999999994,
        0.005378,
        0.005672,
        0.005395,
        0.005233,
        0.0052569999999999995,
        0.005601,
        0.005475,
        0.0054,
        0.003925,
        0.004203999999999999,
        0.0038450000000000003,
        0.004128,
        0.003921,
        0.0040030000000000005,
        0.0044599999999999996,
        0.005957,
        0.0066,
        0.006443,
        0.006198,
        0.006019999999999999,
        0.005849,
        0.004875,
        0.006337,
        0.006320999999999999,
        0.005674,
        0.005794,
        0.0062039999999999994,
        0.005808,
        0.0060999999999999995,
        0.007364,
        0.025443999999999998,
        0.00886,
        0.003909,
        0.004575,
        0.005849,
        0.005706,
        0.004783000000000001,
        0.0069759999999999996,
        0.005718,
        0.006067,
        0.00877,
        0.006782
    ]
}