{
    "create": [
        0.044679,
        0.007127,
        0.0052060000000000006,
        0.00521,
        0.0050149999999999995,
        0.005229,
        0.005035,
        0.0050019999999999995,
        0.004941,
        0.0052699999999999995,
        0.005076,
        0.005096,
        0.004974,
        0.005987,
        0.004992,
        0.005005,
        0.005116,
        0.005128,
        0.0049960000000000004,
        0.005019999999999999,
        0.0053739999999999994,
        0.005176,
        0.004983,
        0.005369,
        0.004951,
        0.005103,
        0.005553,
        0.005566,
        0.00512,
        0.005091999999999999,
        0.089691,
        0.006467,
        0.004909,
        0.005144,
        0.005194,
        0.005345,
        0.006121000000000001,
        0.005116,
        0.005356,
        0.0054020000000000006,
        0.005526,
        0.0053879999999999996,
        0.005878,
        0.005714,
        0.0055309999999999995,
        0.005522,
        0.005162,
        0.005016,
        0.005059,
        0.004913,
        0.005102000000000001,
        0.004972000000000001,
        0.00542,
        0.005347,
        0.004999,
        0.005017000000000001,
        0.005221,
        0.004934,
        0.005022,
        0.005297,
        0.00514,
        0.004946,
        0.005476,
        0.004914,
        0.004972000000000001,
        0.005919,
        0.004926,
        0.005148,
        0.005197,
        0.005847000000000001,
        0.005757,
        0.005103,
        0.005754,
        0.0050750000000000005,
        0.005071,
        0.005144999999999999,
        0.005106,
        0.005019,
        0.005030000000000001,
        0.004894,
        0.005278,
        0.005158,
        0.00566,
        0.005346,
        0.005587,
        0.0050149999999999995,
        0.005055,
        0.005044,
        0.0050609999999999995,
        0.004946,
        0.004991,
        0.0050869999999999995,
        0.005301999999999999,
        0.005556,
        0.0055060000000000005,
        0.006114,
        0.007681,
        0.008837,
        0.005475,
        0.004983
    ],
    "read": [
        0.006941,
        0.003146,
        0.002869,
        0.002699,
        0.002851,
        0.002733,
        0.002776,
        0.0027040000000000002,
        0.002714,
        0.00275,
        0.0026939999999999998,
        0.00269,
        0.002757,
        0.0028399999999999996,
        0.0027040000000000002,
        0.003243,
        0.002726,
        0.0027280000000000004,
        0.002782,
        0.002734,
        0.002931,
        0.002742,
        0.0027429999999999998,
        0.0027559999999999998,
        0.00269,
        0.00275,
        0.002749,
        0.0027919999999999998,
        0.002685,
        0.002711,
        0.003009,
        0.002716,
        0.002729,
        0.002794,
        0.003059,
        0.002769,
        0.002695,
        0.002746,
        0.002769,
        0.002741,
        0.002693,
        0.002722,
        0.0037719999999999997,
        0.002898,
        0.002791,
        0.0027530000000000002,
        0.002771,
        0.0027389999999999997,
        0.00275,
        0.002738,
        0.00278,
        0.0027519999999999997,
        0.0027229999999999997,
        0.002735,
        0.002812,
        0.0032370000000000003,
        0.002741,
        0.002685,
        0.00275,
        0.0027389999999999997,
        0.00277,
        0.002731,
        0.0027069999999999998,
        0.00272,
        0.00271,
        0.0027010000000000003,
        0.002695,
        0.002757,
        0.0037,
        0.00281,
        0.0027069999999999998,
        0.0027040000000000002,
        0.002947,
        0.002956,
        0.00272,
        0.002985,
        0.0026920000000000004,
        0.002715,
        0.002722,
        0.002725,
        0.002757,
        0.002733,
        0.002711,
        0.0027040000000000002,
        0.002742,
        0.002706,
        0.002725,
        0.002666,
        0.002765,
        0.002685,
        0.002684,
        0.002689,
        0.00269,
        0.0028380000000000002,
        0.002805,
        0.004093,
        0.00447,
        0.003186,
        0.002833,
        0.002786
    ],
    "delete": [
        0.013392,
        0.0046289999999999994,
        0.0040750000000000005,
        0.004118,
        0.004319,
        0.003962,
        0.004019,
        0.003886,
        0.00396,
        0.0038889999999999997,
        0.00405,
        0.004004,
        0.004156,
        0.003985,
        0.003914,
        0.003908,
        0.003968,
        0.003907,
        0.0038799999999999998,
        0.003947,
        0.003945,
        0.003975,
        0.003914,
        0.0039900000000000005,
        0.003916,
        0.0038799999999999998,
        0.004319,
        0.004053,
        0.003942,
        0.00396,
        0.00555,
        0.003942,
        0.003866,
        0.003964,
        0.003954,
        0.003932,
        0.004118,
        0.003974,
        0.003955,
        0.003977,
        0.0039180000000000005,
        0.003955,
        0.004091999999999999,
        0.004059999999999999,
        0.0039889999999999995,
        0.003949,
        0.004012,
        0.003873,
        0.003975,
        0.003954,
        0.003915,
        0.003986,
        0.003892,
        0.004023,
        0.003959,
        0.003951,
        0.003922,
        0.003916,
        0.0040019999999999995,
        0.003951,
        0.004019999999999999,
        0.003912,
        0.00396,
        0.003895,
        0.003997,
        0.003877,
        0.00396,
        0.004038,
        0.004158,
        0.003913,
        0.004004,
        0.003928,
        0.003993,
        0.003925,
        0.003968,
        0.003998,
        0.003907,
        0.0039889999999999995,
        0.004051,
        0.00394,
        0.004006999999999999,
        0.003881,
        0.0038669999999999998,
        0.0039689999999999994,
        0.00398,
        0.004126,
        0.003952,
        0.003895,
        0.003952,
        0.003929,
        0.003966,
        0.0039310000000000005,
        0.003919,
        0.004190999999999999,
        0.004085,
        0.0058189999999999995,
        0.005942,
        0.004233,
        0.0042380000000000004,
        0.004127
    ]
}