{
    "create": [
        0.386698,
        0.061457,
        0.022875,
        0.016214,
        0.020037,
        0.016605,
        0.027816,
        0.024329999999999997,
        0.025155,
        0.02472,
        0.022382000000000003,
        0.022656,
        0.162836,
        0.050914,
        0.027437,
        0.024517,
        0.023744,
        0.022444,
        0.023443000000000002,
        0.023484,
        0.023353000000000002,
        0.023194,
        0.024489,
        0.0265,
        0.025729,
        0.022215,
        0.016734000000000002,
        0.016885999999999998,
        0.016959,
        0.016478000000000003,
        0.021872,
        0.085059,
        0.035137999999999996,
        0.03059,
        0.033386000000000006,
        0.026439,
        0.028257,
        0.027194,
        0.030695,
        0.03184,
        0.031358000000000004,
        0.028215,
        0.037344999999999996,
        0.040935,
        0.036512,
        0.035544,
        0.025064,
        0.031356,
        0.038418,
        0.117889,
        0.055401000000000006,
        0.060558999999999995,
        0.07125,
        0.078307,
        0.063192,
        0.06579399999999999,
        0.041116,
        0.03571800000000001,
        0.024902999999999998,
        0.036586,
        0.033066000000000005,
        0.037058,
        0.022698,
        0.024118999999999998,
        0.033523000000000004,
        0.028236,
        0.023105,
        0.023683,
        0.034783,
        0.028565999999999998,
        0.031051,
        0.025777,
        0.036926,
        0.034469,
        0.024214,
        0.018724,
        0.015967000000000002,
        0.018934,
        0.067322,
        0.022902000000000002,
        0.015231,
        0.022234999999999998,
        0.02515,
        0.021620999999999998,
        0.031101,
        0.019518999999999998,
        0.01337,
        0.029136,
        0.01676,
        0.014359,
        0.019602,
        0.014606999999999998,
        0.017075,
        0.026091999999999997,
        0.052246,
        0.03246,
        0.022056,
        0.023385000000000003,
        0.029979,
        0.031606999999999996
    ],
    "read": [
        0.297416,
        0.025887,
        0.01855,
        0.024382,
        0.018045000000000002,
        0.020873000000000003,
        0.025978,
        0.028309,
        0.024640000000000002,
        0.026302,
        0.028279,
        0.023814,
        0.41103500000000004,
        0.030899,
        0.028255,
        0.025929999999999998,
        0.026852,
        0.025157,
        0.02659,
        0.026518999999999997,
        0.026334,
        0.027822,
        0.02754,
        0.028155,
        0.02502,
        0.018120999999999998,
        0.017008,
        0.017622,
        0.017202000000000002,
        0.017758,
        0.026093,
        0.038530999999999996,
        0.026875,
        0.027734,
        0.029349,
        0.02829,
        0.028542,
        0.030742000000000002,
        0.040807,
        0.02521,
        0.028779,
        0.197691,
        0.065285,
        0.051314,
        0.057854,
        0.060854,
        0.021474,
        0.090252,
        0.061683,
        0.09289,
        0.08251399999999999,
        0.077765,
        0.211471,
        0.083286,
        0.093003,
        0.059573999999999995,
        0.07621,
        0.055666,
        0.059287,
        0.062221,
        0.042887999999999996,
        0.047145000000000006,
        0.048584,
        0.047399000000000004,
        0.047992,
        0.046712000000000004,
        0.056286,
        0.087702,
        0.067199,
        0.101995,
        0.06462000000000001,
        0.08414100000000001,
        0.060628,
        0.044067999999999996,
        0.027123,
        0.027943000000000003,
        0.024263000000000003,
        0.022294,
        0.035832,
        0.02298,
        0.025032,
        0.023205,
        0.031313,
        0.035327,
        0.025365,
        0.024429,
        0.024616,
        0.031004999999999998,
        0.026136,
        0.023776,
        0.024399999999999998,
        0.021238,
        0.018403,
        0.034713,
        0.047768,
        0.033266,
        0.037914,
        0.037748,
        0.030286999999999998,
        0.028109000000000002
    ],
    "delete": [
        0.054990000000000004,
        0.01291,
        0.006777999999999999,
        0.010385,
        0.0064269999999999996,
        0.021192,
        0.008369999999999999,
        0.010814,
        0.009137000000000001,
        0.009811,
        0.010865,
        0.009257999999999999,
        0.032661,
        0.015022,
        0.010999,
        0.010182,
        0.010064,
        0.009504,
        0.009801,
        0.009068,
        0.009368,
        0.010526,
        0.010535000000000001,
        0.010361,
        0.009334,
        0.007328,
        0.006783,
        0.007821,
        0.006579,
        0.0066619999999999995,
        0.014728999999999999,
        0.019423,
        0.015609,
        0.017838,
        0.01312,
        0.012736,
        0.012712,
        0.013773,
        0.016294,
        0.014079000000000001,
        0.012976000000000001,
        0.027493,
        0.014055999999999999,
        0.013557,
        0.012156,
        0.013695,
        0.01132,
        0.017735,
        0.012383,
        0.036007,
        0.026321,
        0.110428,
        0.041004,
        0.027843,
        0.031128,
        0.025168,
        0.022237,
        0.014093999999999999,
        0.011595000000000001,
        0.020824000000000002,
        0.012946999999999998,
        0.012022999999999999,
        0.011861,
        0.011246,
        0.01117,
        0.011583,
        0.01216,
        0.029027999999999998,
        0.013693,
        0.013956,
        0.010297,
        0.017445,
        0.025726,
        0.017582999999999998,
        0.008754,
        0.008322,
        0.008187,
        0.011702,
        0.020609000000000002,
        0.008702999999999999,
        0.019286,
        0.008016,
        0.010128,
        0.015373,
        0.013076,
        0.007923,
        0.01115,
        0.011029,
        0.008336999999999999,
        0.007412,
        0.007667,
        0.006896,
        0.006347,
        0.009097,
        0.016960999999999997,
        0.013303,
        0.012891,
        0.011776,
        0.012743,
        0.012523
    ]
}